ALMACEN,TIENDA,NOMBRE,LATITUD,LONGITUD,TARIMAS
91000,14058,14058 SANTA CAROLINA,19.13217402,-104.3332331,2
91000,12039,12039 BOSQUES DE SAN ANTONIO,18.935437,-103.884633,1
93100,31127,31127 ECOTERRA,20.74742,-105.15803,1
93100,31074,31074 IXTAPA ORQUIDEA,20.720714,-105.197639,2
95500,54064,54064 TUXPAN,21.943954,-105.298324,1
93100,31020,31020 JARRETADERAS,20.6957256,-105.2708488,2
95500,54028,54028 BUGAMBILIAS XALISCO,21.45224669,-104.9033441,1
95500,54072,54072 TUXPAN ORIENTE,21.941747,-105.288833,1
93100,31032,31032 FRANCISCO VILLA,20.6337515,-105.2253959,1
91000,19096,19096 MANUEL ALVAREZ,19.25973,-103.73215,1
95500,54084,54084 AMERICA,21.467689,-104.858969,1
91000,14030,14030 CLUB DE LEONES,19.04844308,-104.318255,2
91000,12047,12047 IGNACIO RAMIREZ,18.754004,-103.724504,2
91000,19040,19040 GAS LA ESTANCIA,19.23461,-103.68513,1
91000,19024,19024 GAS COQUIMATLAN,19.21506,-103.80379,1
91000,13033,13033 TUXPAN,19.559765,-103.372319,1
93100,31073,31073 LIENZO PIRULI,20.66562,-105.195522,1
91000,14026,14026 CIHUATLAN,19.23607002,-104.5652431,1
91000,19143,19143 MADERO CUAUHTEMOC,19.327405,-103.607252,1
91000,19110,19110 GAS QUESERIA,19.38588,-103.56951,1
91000,13092,13092 VICENTE GUERRERO,19.792706,-103.471164,1
91000,14083,14083 OBREGON,19.613664,-104.453221,1
91000,12051,12051 JARDINES,18.919851,-103.865801,1
91000,19047,19047 GAS EJERCITO NACIONAL,19.25386,-103.68913,1
91000,13048,13048 FRACIONAMIENTO LAS LOMAS,19.731685,-103.456065,1
91000,13001,13001 FEDERICO DEL TORO,19.72099657,-103.4609066,1
95500,54101,54101 LAS VIAS,21.506479,-104.876482,1
91000,19140,19140 ISENCO,19.2552,-103.6792,1
91000,51055,51055 TALA,20.6638,-103.70101,1
91000,19119,19119 LOPEZ RAYON,19.2656964,-103.7307886,1
93100,31169,31169 LAS CARBONERAS,20.672087,-105.186081,1
91000,13015,13015 TUXPAN OBREGON,19.55580698,-103.37792,1
91000,13032,13032 DARIO VARGAS,19.712236,-103.462585,1
95500,54025,54025 CASTILLA,21.469137,-104.883088,1
91000,19116,19116 COLINAS DEL REY,19.28682,-103.74568,1
91000,19045,19045 V CARRANZA,19.26741,-103.7171,1
91000,19048,19048 EX HACIENDA,19.28283,-103.72795,1
93100,31145,31145 ARBOLEDAS,20.65725,-105.22388,1
93100,31039,31039 GOLONDRINA,20.64208134,-105.2153029,1
91000,12033,12033 5 DE MAYO,18.935673,-103.966737,1
91000,13078,13078 CONSTITUYENTES,19.686945,-103.477613,1
91000,51061,51061 EL VERGEL,20.638367,-103.702281,1
91000,14094,14094 INDEPENDENCIA,19.068104,-104.285372,2
91000,13034,13034 COCA COLA TAMAZULA,19.689856,-103.240276,1
95500,54066,54066 LA PRESA,21.8011,-105.199372,1
91000,19004,19004 GAS DIAMANTE,19.27083,-103.7476,1
91000,12028,12028 GAS COAHUAYANA,18.69704299,-103.6658691,1
93100,31124,31124 GOLFO DE MEXICO,20.7452778,-105.2722139,1
95500,54083,54083 LA VIROCHA,21.676175,-105.328231,1
93100,31003,31003 GRANDES LAGOS,20.64645045,-105.2262886,1
91000,12005,12005 PEDRO TORRES,18.91888489,-103.8825999,1
93100,31058,31058 EL PALMAR,20.67310884,-105.2031299,2
91000,19141,19141 LA VILLITA,19.28422473,-103.761145,1
91000,14080,14080 JALIPA,19.124586,-104.263556,2
95500,54004,54004 GAS LA CANTERA,21.487299,-104.835992,1
91000,13009,13009 TECNOLOGICO,19.6757113,-103.4765204,1
95500,54036,54036 VALLE DE MATATIPAC,21.473683,-104.869861,1
95500,54069,54069 CAMICHIN,21.466399,-104.800016,1
91000,19043,19043 GAS GASOPRIM,19.2685,-103.70282,1
91000,14098,14098 RESIDENCIAL LA HIGUERA,19.134269,-104.325806,1
91000,14049,14049 LA FLORESTA,19.14416355,-104.3365367,1
91000,13010,13010 TIANGUIS,19.69812064,-103.4776973,1
91000,14081,14081 16 DE SEPTIEMBRE,19.060582,-104.287534,2
91000,19002,19002 BENITO JUAREZ,19.249677,-103.745734,1
91000,14023,14023 GAS LA CENTRAL,19.13960441,-104.4322343,2
91000,51003,51003 REAL DEL SOL,20.529657,-103.391625,1
91000,12034,12034 EL RANCHITO,18.688828,-103.661731,1
93100,31089,31089 GAS INDIOS BANDERAS,20.76626921,-105.2225048,1
91000,19122,19122 RANCHO DE VILLA,19.23401,-103.76753,1
91000,19031,19031 INSURGENTES,19.24319,-103.71097,1
91000,19078,19078 IMSS VILLA DE ALVAREZ,19.27022,-103.75917,2
91000,12058,12058 CONSTITUCION,18.684868,-103.666265,1
91000,19041,19041 GAS CORTES,19.20929,-103.74096,1
91000,19109,19109 PALO ALTO,19.2754,-103.78043,1
91000,51056,51056 ARISTA,20.23009,-103.5733,1
91000,12042,12042 SANTIAGO TAPIA,18.704431,-103.661172,1
93100,31170,31170 TALPA 23 DE JUNIO,20.382442,-104.824863,1
93100,31173,31173 1 DE MAYO,21.182885,-105.130442,1
91000,13023,13023 GAS CARCO GUZMAN,19.72799542,-103.5082342,1
93100,31065,31065 CRUCERO LAS JUNTAS,20.695322,-105.241409,1
93100,31120,31120 LAS PIEDRAS,20.696454,-105.23731,2
93100,31070,31070 LAS PALMAS,20.686113,-105.228589,1
91000,12040,12040 EL CHAMIZAL,18.916669,-103.86352,1
91000,13067,13067 SAN SEBASTIAN SAYULA,19.884625,-103.596006,2
91000,19029,19029 HOSPITAL REGIONAL,19.25882,-103.68893,1
91000,19076,19076 ALCARACES,19.36441,-103.57788,1
93100,31028,31028 LIBRAMIENTO,20.60171682,-105.22619,2
91000,13080,13080 AMACUECA,20.010818,-103.595453,1
91000,14054,14054 TERRAPLENA,19.1705587,-104.3461837,2
93100,31110,31110 LAS VARAS,21.182364,-105.139734,1
93100,31085,31085 PUERTO LAS PEÑAS,20.629315,-105.20993,1
93100,31083,31083 ZACATECAS,20.62894,-105.21721,1
91000,13051,13051 GAS RELICARIO,19.210128,-103.462463,1
91000,13004,13004 COLEGIO MEXICO,19.70872245,-103.4650883,1
93100,31116,31116 10 DE MAYO,20.656291,-105.208576,1
91000,12064,12064 GAS GLORIETA PERRITOS,18.896667,-103.859258,1
91000,14035,14035 BALLENA,19.08056032,-104.2850329,1
93100,31159,31159 LOS VENADOS,20.523069,-104.779526,1
93100,31045,31045 VALLARTA 500,20.65572271,-105.2273577,1
95500,54032,54032 COLINAS DEL VALLE,21.489187,-104.847305,1
95500,54030,54030 EL ROBLE,21.504474,-104.911452,1
91000,12020,12020 VALLE QUERIDO,18.92618306,-103.8725385,1
91000,13022,13022 PANTEON HIDALGO,19.70940839,-103.4764801,1
91000,19080,19080 ACAPULCO,19.22738,-103.70451,1
91000,14013,14013 MIRAMAR,19.1191187,-104.3899047,1
91000,14052,14052 SALAGUA,19.11229069,-104.3359297,2
91000,14034,14034 CIHUATLAN OCAMPO,19.23639532,-104.5608458,2
95500,54029,54029 EL PARAISO,21.536123,-104.875663,1
91000,19053,19053 PALMA TERRA,19.26035,-103.72268,2
95500,54086,54086 ARMADILLO,21.46047,-104.8553,1
91000,19132,19132 LOS AMIALES,19.19558,-103.81256,1
91000,14075,14075 VILLA OBREGÓN,19.35739,-104.8965,1
91000,13076,13076 GAS SAN GABRIEL,19.93590569,-102.9498735,1
95500,54095,54095 MOLOLOA,21.518264,-104.886753,1
91000,14102,14102 LAGUNA DEL TULE,19.222424,-104.700644,1
91000,14070,14070 LA PESQUERA,19.093409,-104.299298,1
91000,19006,19006 CENTRO MEDICO,19.24913,-103.72705,1
91000,13090,13090 CONTLA,19.752717,-103.177789,1
91000,14007,14007 GAS GARZAS,19.09597282,-104.3032625,1
93100,31054,31054 AURORA,20.65933038,-105.2348834,2
91000,12049,12049 RIO GRIJALVA,18.908338,-103.887868,1
91000,13044,13044 CAPAYA,19.788321,-104.370896,1
91000,13050,13050 OCTAVIO PAZ,19.764809,-104.376323,1
95500,54027,54027 ALBORADA,21.46037,-104.902481,1
91000,14082,14082 LOS ALTOS,19.14934,-104.336827,2
91000,13096,13096 PIHUAMO CENTRO,19.254638,-103.378973,1
93100,31164,31164 LOMAS DEL COAPINOLE,20.657929,-105.200814,1
91000,19050,19050 TABACHINES,19.24293,-103.76599,1
93100,31080,31080 GAS LA PEÑITA,21.055225,-105.235492,2
93100,31132,31132 CRUCERO CHACALA,21.167003,-105.154218,1
95500,54034,54034 LINDA VISTA,21.507869,-104.918602,1
91000,14086,14086 VILLA PURIFICACION,19.719022,-104.607616,1
95500,54082,54082 RUIZ,21.954169,-105.132228,1
91000,14041,14041 HELIODORO TRUJILLO,19.071113,-104.2835756,2
93100,31079,31079 EXIQUIO REVOLUCION,20.655141,-105.22026,1
91000,19142,19142 PUNTA NORTE,19.288514,-103.701364,1
93100,31151,31151 VERDE VALLARTA,20.712203,-105.232218,2
91000,14092,14092 ESMERALDA,19.12437,-104.34406,2
91000,51001,51001 LOS CANTAROS,20.512046,-103.336751,1
91000,13087,13087 LAS PEÑAS,19.70175499,-103.4525616,1
95500,54075,54075 PANTANAL,21.427961,-104.859966,1
91000,19063,19063 BASILIO BADILLO,19.32516,-103.6019,1
91000,19072,19072 LAGUNAS,19.29279,-103.7322,1
91000,19082,19082 VILLAS DE ORO,19.26334,-103.75051,1
91000,14032,14032 CAMELINAS,19.13122164,-104.3373617,1
91000,19135,19135 HOSPITAL DE CANCEROLOGIA,19.221136,-103.727948,2
91000,51004,51004 CANTAROS DE MARMOL,20.504593,-103.335999,1
91000,13062,13062 TEC GUZMAN,19.668001,-103.484976,1
95500,54060,54060 ENTRADA SAN BLAS,21.544246,-105.274662,1
95500,54089,54089 NUEVO MEXICO,21.813167,-105.217114,1
91000,19038,19038 MARIA AHUMADA,19.27251,-103.73484,1
93100,31022,31022 TAMPICO,20.63016864,-105.2143362,1
93100,31036,31036 IMSS,20.67572296,-105.204665,2
95500,54094,54094 ZARAGOZA,22.39622,-105.45293,1
93100,31104,31104 REVOLUCION SAYULITA,20.867142,-105.441764,2
93100,31024,31024 ECUADOR,20.651963,-105.2105191,1
93100,31143,31143 EL TUITO,20.315611,-105.318769,2
93100,31137,31137 ISLA MALLORCA,20.749061,-105.283286,2
93100,31141,31141 REPUBLICA DE GUATEMALA,20.649242,-105.210189,1
91000,12012,12012 INDECO,18.90930556,-103.8858045,1
93100,31001,31001 MORELOS,20.6075812,-105.2364223,1
93100,31059,31059 VILLA GUADALUPE,20.65045521,-105.2061442,2
93100,31006,31006 PITILLAL,20.65060872,-105.2194357,2
91000,19127,19127 SAN MARCOS,19.44432,-103.50612,1
93100,31007,31007 MOJONERAS,20.68956721,-105.2257745,1
93100,31044,31044 ALEMANIA,20.65357598,-105.2025513,1
91000,13020,13020 ABASOLO,19.71305421,-103.4699433,1
95500,54058,54058 PUGA,21.582255,-104.823999,1
91000,19005,19005 NIÑOS HEROES,19.23684,-103.71306,1
91000,14105,14105 REFORMA,19.091391,-104.292364,1
91000,13040,13040 PEDRO MORENO,19.771103,-104.371866,1
95500,54013,54013 LAGOS DEL COUNTRY,21.482045,-104.862346,1
91000,14076,14076 NUEVO MIGUEL HIDALGO,19.357393,-104.896501,1
91000,19017,19017 FILOMENO MEDINA,19.24143,-103.7239,1
91000,19074,19074 LAS TORRES,19.24497,-103.6905,1
91000,19046,19046 DIEGO GARCIA,19.24736,-103.75715,1
91000,12021,12021 VILLAS DEL REY,18.89930982,-103.8822951,2
91000,14022,14022 EL TESORO,19.10878532,-104.3464892,1
91000,13088,13088 OBRERA,19.691628,-103.241522,1
91000,14029,14029 BARRIO 1,19.0915848,-104.2998485,2
91000,13056,13056 GAS SAN PEDRO,19.458536,-103.346876,1
91000,14021,14021 SAN PEDRITO,19.05602982,-104.3047533,2
91000,13071,13071 SAN JOSE CENTRO,19.988407,-103.021794,2
91000,13029,13029 ZAPOTILTIC BUSTAMANTE,19.623007,-103.414796,1
91000,13074,13074 MANUEL M DIEGUEZ,19.5516903,-103.3745938,1
95500,54062,54062 LIBRAMIENTO A XALISCO,21.479147,-104.898135,1
91000,12010,12010 EMILIANO ZAPATA,18.91959136,-103.8775837,1
91000,19021,19021 CAMINO REAL,19.25055,-103.70276,2
91000,12054,12054 REFORMA,18.913343,-103.870635,1
91000,14055,14055 MARIMAR,19.12194158,-104.3219227,1
91000,12062,12062 VALLE LAS PALMAS,18.9322,-103.87757,1
91000,14039,14039 GAS PRIMAVERA,19.09210128,-104.3009124,2
91000,12006,12006 COFRADIA DE MORELOS,18.86313834,-103.8375587,1
91000,19049,19049 PROLONGACION HIDALGO,19.28695,-103.72649,1
93100,31092,31092 TAMAULIPAS,20.689226,-105.220396,2
93100,31019,31019 ETZIQUIO CORONA,20.66138802,-105.2177301,2
93100,31066,31066 LA FLORESTA VALLARTA,20.664657,-105.220866,1
93100,31162,31162 AV CORAL,21.0246,-105.287384,2
91000,14027,14027 PLAYA AZUL,19.08157754,-104.3069808,2
93100,31075,31075 LOMA BONITA,20.662072,-105.212695,1
95500,54017,54017 RIO SUCHIATE,21.484529,-104.888708,1
93100,31035,31035 VIENA,20.63538405,-105.2260454,1
95500,54010,54010 GAS COLOSIO,21.491575,-104.862389,1
95500,54048,54048 GUADALAJARA,21.511241,-104.882888,1
91000,14031,14031 AUDITORIO,19.08636758,-104.2933837,1
91000,19007,19007 VILLA IZCALLI,19.28442,-103.73594,1
91000,51038,51038 CLUB BANCARIO,20.60242,-103.40602,1
91000,14084,14084 CASIMIRO CASTILLO CENTRO,19.604177,-104.435391,1
91000,19001,19001 MERCED CABRERA,19.271074,-103.747005,1
91000,19123,19123 VISTA VOLCANES,19.28363,-103.78022,1
91000,19065,19065 MEGA PALENQUE,19.28421,-103.74479,1
91000,12004,12004 IMSS TECOMAN,18.91224776,-103.8770174,1
91000,12024,12024 LA ESTACION,18.93384838,-103.9642263,1
91000,19054,19054 GAS COQUI 2,19.215,-103.80464,1
91000,14024,14024 GAS TEPALCATES,19.03805842,-104.257681,2
91000,19097,19097 VILLAS DEL JAZMIN,19.24126,-103.68239,1
91000,19133,19133 GAS SEVILLA,19.25575,-103.717057,1
91000,14103,14103 LAZARO CARDENAS,19.120568,-104.26847,1
91000,19027,19027 AYUNTAMIENTO,19.28066,-103.73281,1
91000,14096,14096 MAR DEL SUR,19.129275,-104.334309,1
91000,12044,12044 SIMON BOLIVAR,18.912425,-103.889491,1
91000,13077,13077 VALLE DE JUAREZ,19.93590569,-102.9498735,2
91000,51032,51032 GAS ADOLF HORN,20.499063,-103.340254,2
91000,12048,12048 UNION,18.922717,-103.884537,2
91000,51015,51015 GAS SANTA ANITA,20.551475,-103.4384,1
91000,13003,13003 OBISPO,19.69156971,-103.4592694,1
95500,54092,54092 PLAZA RUIZ,21.950842,-105.145706,1
93100,31052,31052 SAN PANCHO,20.89944575,-105.4128568,2
93100,31009,31009 EL PORVENIR,20.75245223,-105.244235,1
93100,31129,31129 SENDERO DE LUNA,20.67835,-105.22136,1
93100,31069,31069 GONZALEZ GALLO,20.645192,-105.21017,1
93100,31060,31060 IXTAPA ITURBIDE,20.71555747,-105.20315,1
91000,19025,19025 GAS SAUCES,19.21261,-103.74002,2
93100,31121,31121 GARDENIA,20.67525,-105.209453,2
93100,31027,31027 AMAPAS,20.60108985,-105.2343655,2
91000,14038,14038 PROGRESO,19.11380095,-104.3430725,1
91000,13028,13028 SAN ISIDRO,19.703163,-103.476619,1
93100,31146,31146 MARALTA,20.67768,-105.20351,1
91000,12046,12046 DE LA JUVENTUD,18.923051,-103.894098,1
93100,31149,31149 LOMAS DE EN MEDIO,20.664075,-105.205519,1
95500,54022,54022 LA HUERTA,21.518139,-104.911952,1
91000,12045,12045 IXTLAHUACAN,19.000783,-103.738936,1
91000,12065,12065 GAS IXTLAHUACAN,18.998492,-103.734675,1
91000,14063,14063 HOMOBONO LLAMAS,19.05597569,-104.2460202,2
93100,31025,31025 JUNTAS CARRANZA,20.70010067,-105.2451334,2
91000,19061,19061 CAMPESINO,19.22912,-103.71807,1
91000,19103,19103 GLORIETA DEL DIF,19.245088,-103.712925,1
93100,31031,31031 GAS LAS JUNTAS,20.70302033,-105.232338,1
91000,14067,14067 CENTRAL MANZANILLO,19.089374,-104.291682,2
91000,14074,14074 TENIENTE AZUETA,19.05887,-104.30277,2
91000,14061,14061 TERMOELECTRICA,19.02260556,-104.3204704,2
91000,13065,13065 GAS HUESCALAPA,19.639619,-103.443864,1
91000,13002,13002 COLON GUZMAN,19.71849884,-103.4601526,1
91000,14071,14071 MARABASCO CIHUATLAN,19.237652,-104.55609,1
91000,51060,51060 DIAZ DE LEON,20.548254,-104.041971,1
91000,19012,19012 FRONTERA,19.27111,-103.73362,1
91000,19146,19146 GAS CRUZ DE MINA,19.27346408,-103.7513427,1
91000,13045,13045 GLORIETA EL GRULLO,19.80495,-104.205735,1
91000,14045,14045 LAS ALBERCAS,19.11762103,-104.3312573,1
91000,14046,14046 ALLENDE,19.12296664,-104.3528545,1
93100,31055,31055 SAN JOSE VALLE,20.76205686,-105.2270324,1
91000,19086,19086 LA TRINIDAD,19.32939,-103.76093,1
91000,51052,51052 SAN DIEGO,20.35739,-103.82326,1
91000,51059,51059 SOLIDARIDAD,20.655521,-103.713011,2
91000,14006,14006 GAVIOTAS,19.10377695,-104.3222398,1
91000,14014,14014 GAS BRILLOLIM,19.10422102,-104.3318577,2
91000,19009,19009 GLORIETA DEL CHARRO,19.24364,-103.73568,1
91000,12031,12031 HOSPITAL TECOMAN,18.906971,-103.882572,1
93100,31078,31078 RIO DANUBIO,20.62162,-105.223107,1
91000,14072,14072 LAS TORRES MANZANILLO,19.05081,-104.278044,1
91000,12014,12014 GAS TICUIZ,18.67481449,-103.680823,1
91000,51028,51028 PLAZA MAGNOLIAS,20.55497,-103.33197,1
93100,31155,31155 VALLE EL JADE,20.775028,-105.258983,1
91000,19069,19069 TRAPICHE ZAPATA,19.27754,-103.66295,1
91000,19088,19088 REPUBLICA,19.23296,-103.69291,1
91000,19066,19066 GAS TRAPICHE,19.26884,-103.67455,2
91000,14025,14025 LAS VIAS,19.07251113,-104.2803787,1
91000,51058,51058 CARRETERA A MASCOTA,20.538641,-104.045963,1
93100,31004,31004 GAS SAN JOSE,20.75600086,-105.2354654,1
91000,14099,14099 RESIDENCIAL GAVIOTAS,19.0971,-104.295558,1
91000,13011,13011 SERAFIN VAZQUEZ,19.68258405,-103.4621974,1
91000,12017,12017 PIPILA,18.90736315,-103.8737803,1
91000,19144,19144 GLORIETA LA BICICLETA,19.264088,-103.702758,1
91000,12053,12053 COAHUAYANA VIEJO,18.749674,-103.669452,1
91000,14043,14043 MELAQUE,19.22690562,-104.7056641,1
91000,13016,13016 GAS CARDENAS,19.72195615,-103.4592518,1
93100,31086,31086 TULIPANES,20.772535,-105.223841,2
91000,19018,19018 GONZALO DE SANDOVAL,19.24313,-103.69908,1
91000,13097,13097 GAS EL VERGEL,19.744697,-104.361965,1
91000,19059,19059 ESPINAL,19.26656,-103.77105,1
91000,14051,14051 GONZALEZ LUGO,19.13056302,-104.3494734,2
91000,19010,19010 COMALA,19.32102,-103.75889,1
91000,19101,19101 RESIDENCIAL ESMERALDA,19.27075,-103.71646,1
91000,51035,51035 EL PALMAR SAN FRANCISCO,20.562782,-103.339755,1
93100,31112,31112 MAR CARIBE,20.746282,-105.27476,2
93100,31050,31050 VALLE BANDERAS,20.80549841,-105.2468443,2
91000,19087,19087 LAPISLAZULI,19.26199,-103.76305,1
95500,54045,54045 WENCESLAO SANDOVAL,21.230206,-104.901204,2
91000,19079,19079 VILLAS SAN JOSE,19.2473,-103.75211,1
93100,31029,31029 POETAS,20.67037485,-105.210627,1
93100,31063,31063 GUAYABITOS,21.02593,-105.26569,1
93100,31076,31076 SIMON ANDRADE,20.711083,-105.210389,1
93100,31161,31161 LOPEZ COTILLA,20.53268,-104.79783,1
93100,31128,31128 BUGAMBILIAS,20.62382,-105.21498,1
91000,12057,12057 TLAXCALA,18.941355,-103.970476,1
91000,14002,14002 GAS OLAS ALTAS,19.11970266,-104.3632848,2
93100,31038,31038 PIRULI,20.66219054,-105.1982633,2
93100,31056,31056 EL CALOSO,20.60493087,-105.2273513,1
93100,31122,31122 LOMAS DEL PROGRESO,20.673143,-105.200819,2
91000,13052,13052 LIBERTAD PIHUAMO,19.253569,-103.380694,2
91000,19118,19118 CUAUHTEMOC CONSTITUCION,19.33382,-103.60336,1
93100,31163,31163 AVENIDA MEXICO,20.669345,-105.22637,1
91000,51036,51036 PASEO DE LOS PARQUES,20.567171,-103.355176,2
91000,19051,19051 CUMBRE,19.21229,-103.72179,1
91000,13075,13075 CRUCERO LA FRONTERA,19.95973648,-103.7125457,1
91000,19032,19032 GAS LIBRAMIENTO,19.22347,-103.71181,1
91000,14093,14093 MIGUEL DE LA MADRID,19.108891,-104.33619,2
91000,12023,12023 PERIQUILLO,18.96004563,-103.9532178,1
91000,13061,13061 TECALITLAN,19.464955,-103.303015,1
91000,19107,19107 SUCHITLAN,19.37762,-103.71586,1
95500,54031,54031 GAS LIBRAMIENTO,21.46852,-104.849319,1
93100,31156,31156 LA DESEMBOCADA,20.728395,-105.159335,1
95500,54090,54090 LERDO DE TEJADA,21.51762,-104.9048,1
91000,14019,14019 MARBELLA,19.09859803,-104.3234493,2
95500,54001,54001 AGUAMILPA,21.494643,-104.828419,1
95500,54003,54003 INFONAVIT SOLIDARIDAD,21.52135,-104.933135,1
91000,14005,14005 MALECON,19.05348132,-104.3131173,1
91000,19137,19137 GLORIETA LAS TORRES,19.250587,-103.686427,1
91000,14047,14047 GAS RAMCAL,19.03536925,-104.2106872,2
91000,19091,19091 MIRADOR DE LA CUMBRE,19.22675,-103.6976,1
91000,12037,12037 DE LOS MAESTROS,18.896838,-103.876669,2
91000,13041,13041 ZAPOTILTIC HIDALGO,19.62819,-103.422218,1
91000,13024,13024 GAS CARCO ZAPOTILTIC,19.630304,-103.464892,2
93100,31077,31077 HIPODROMO,20.668092,-105.215422,1
91000,14016,14016 PEZ VELA,19.07907723,-104.2866939,2
91000,19011,19011 ALBARRADA,19.23951,-103.73835,1
91000,13037,13037 DONATO GUERRA,19.76516,-104.369,1
95500,54056,54056 SAN BLAS,21.54104,-105.285795,1
91000,13049,13049 HOSPITAL AUTLAN,19.769045,-104.354347,2
91000,19145,19145 AGUA MARINA,19.260385,-103.761085,1
93100,31105,31105 PAVO REAL,20.639668,-105.214097,1
91000,19098,19098 SOLIDARIDAD,19.29917,-103.73841,1
95500,54076,54076 JUAN ESCUTIA,21.512414,-104.900628,1
91000,13025,13025 PAEZ STILLE,19.68371827,-103.4770886,1
91000,51057,51057 SAN JAVIER,20.66386,-103.71176,1
91000,19130,19130 GAS BENITO JUAREZ,19.24654,-103.74753,1
91000,12009,12009 GAS VALLE NUEVO,18.90638949,-103.8776716,1
91000,19108,19108 VILLAS PROVIDENCIA,19.26596,-103.75251,1
91000,19113,19113 ARBOLEDAS DE CARMEN,19.278606,-103.729565,1
91000,13063,13063 CAMINO A SAN GABRIEL,19.942456,-103.771633,1
95500,54103,54103 RUINAS JAUJA,21.526475,-104.892947,2
91000,19128,19128 COFRADIA DE SUCHITLAN,19.4092,-103.69674,1
91000,12026,12026 GAS LIMONERO,18.94039117,-103.8943726,1
95500,54068,54068 ESTRELLA DE MAR,21.516336,-104.920007,1
91000,19104,19104 GAS PUEBLO JUAREZ,19.16754,-103.92251,1
91000,12003,12003 POLIDEPORTIVO,18.92526763,-103.8807287,2
91000,19014,19014 SAN FERNANDO,19.25091,-103.72057,1
91000,19013,19013 CONSTITUCION,19.25825,-103.71494,1
91000,19081,19081 REAL BUGAMBILIAS,19.28119,-103.7381,1
93100,31072,31072 LOS AYALA,21.024442,-105.285322,1
91000,13059,13059 ALAMEDA,19.768228,-104.363103,2
91000,14100,14100 NUEVA ESPAÑA,19.210531,-104.68032,1
91000,19115,19115 ROMANZA,19.28851,-103.70852,1
91000,19016,19016 REY COLIMAN,19.23055,-103.7227,1
91000,19075,19075 AGUILAR COQUI,19.20131,-103.80961,1
91000,19095,19095 LOMAS VISTA HERMOSA,19.25497,-103.71819,1
91000,19102,19102 GAS TONILA,19.40512,-103.54127,1
91000,51062,51062 ABASOLO,20.22118,-103.576017,1
91000,19138,19138 UNIDAD DEPORTIVA COMALA,19.32918,-103.75305,1
91000,13094,13094 GAS SOYATLAN,19.685646,-103.292574,1
91000,19023,19023 LOS MAESTROS,19.25578,-103.72674,1
93100,31082,31082 GAS SAN VICENTE,20.75096,-105.24698,1
91000,19089,19089 MONTELLANO,19.28862,-103.75487,1
93100,31010,31010 LOS PATOS,20.6636233,-105.231999,2
91000,19099,19099 ALTOZANO,19.31376,-103.67099,1
91000,12035,12035 20 DE NOVIEMBRE,18.910443,-103.875815,1
91000,14009,14009 TAPEIXTLES,19.07435799,-104.2827596,1
91000,51045,51045 ZACOALCO,20.23075,-103.57832,1
93100,31057,31057 VALLE DORADO,20.71560257,-105.2741843,1
91000,19020,19020 PABLO SILVA,19.2566,-103.75377,1
91000,19111,19111 BOSQUES DEL SUR,19.22377,-103.73568,1
93100,31113,31113 MANANTIAL,20.600411,-105.223446,2
91000,14015,14015 GAS SANTIAGO,19.11997137,-104.3579418,1
95500,54046,54046 MARCOS PARTIDA,21.497931,-104.890008,1
91000,13008,13008 GAS SAN ANDRES,19.8154494,-103.4900422,1
91000,14048,14048 PASEO DEL MAR,19.12772886,-104.3458026,1
95500,54040,54040 JUAREZ COMPOSTELA,21.237002,-104.889622,1
91000,13019,13019 SANTA INES,19.875532,-103.60239,1
95500,54078,54078 SAN VICENTE,21.954211,-105.294956,1
91000,12011,12011 CRUCERO TECOMAN,18.94439944,-103.9032791,1
95500,54038,54038 MEMBRILLO,21.482,-104.866829,1
91000,19121,19121 JOSE D. RUIZ,19.251775,-103.746537,1
93100,31157,31157 LEONA VICARIO,20.820167,-105.095631,2
91000,13079,13079 TECHALUTA,20.072228,-103.550646,1
95500,54026,54026 PUERTA DEL SOL,21.458692,-104.888512,2
95500,54093,54093 GAS ACAPONETA,22.49069,-105.37041,1
91000,12066,12066 EL MERCADITO,18.915417,-103.878999,1
93100,31062,31062 SAN ESTEBAN,20.647847,-105.200461,2
93100,31103,31103 LA PEÑITA,21.039532,-105.248118,1
95500,54041,54041 CRUCERO COMPOSTELA,21.23295,-104.92441,1
91000,12052,12052 MADRID,19.082975,-103.869906,1
91000,19125,19125 VALLE DEL SOL,19.242151,-103.770668,1
91000,14101,14101 EL AGUACATE,19.22429,-104.64339,1
91000,12018,12018 PALMA REAL,18.923104,-103.889605,1
91000,14012,14012 LAS GARZAS,19.11058146,-104.3171661,1
91000,51048,51048 GAS VILLA CORONA,20.41584,-103.66884,1
91000,13064,13064 USMAJAC,19.874815,-103.543965,1
95500,54035,54035 LOS SUACES,21.468784,-104.874718,1
91000,19058,19058 CUAUHTEMOC,19.3297,-103.60325,1
95500,54074,54074 MORELOS,21.522217,-104.915781,1
91000,14059,14059 UNIDAD DEPORTIVA,19.0936818,-104.3171836,2
91000,13007,13007 JAZMIN,19.69302622,-103.4691325,1
91000,12068,12068 CUYUTLAN,18.919683,-104.069215,1
91000,14044,14044 COLOMO ZARAGOZA,19.06067316,-104.2595828,2
95500,54005,54005 ZAPOPAN,21.515853,-104.881792,1
93100,31102,31102 LO DE MARCOS,20.95081013,-105.3494064,1
91000,51030,51030 VISTA A LA CAMPIÑA,20.61867,-103.39917,1
93100,31101,31101 MEXICO,20.756876,-105.340433,2
91000,13030,13030 SAN ANDRES CENTRO,19.819199,-103.46942,1
91000,19057,19057 RAMON SERRANO,19.2551,-103.74878,1
95500,54024,54024 LOS METATES,21.509554,-104.875696,1
91000,12063,12063 CRUCERO PERIQUILLOS,18.94997,-103.94697,1
91000,13036,13036 LOMA BONITA,19.719924,-103.457014,1
91000,19147,19147 REAL DE CANA,19.285971,-103.724876,1
93100,31002,31002 BUCERIAS,20.7580355,-105.3414126,2
93100,31008,31008 MANGUITOS,20.73750825,-105.2696034,1
95500,54033,54033 CIUDAD DEL VALLE,21.489147,-104.883465,2
93100,31053,31053 LOPEZ,20.62330669,-105.2213647,2
95500,54070,54070 VILLAS DEL NAYAR,21.49635852,-104.8777647,1
91000,12022,12022 GAS CALERAS,18.97791047,-103.8582859,1
91000,12050,12050 LEONA VICARIO,18.865549,-103.838265,1
91000,13013,13013 GAS AEROPUERTO,19.7023048,-103.4916227,1
93100,31042,31042 21 MARZO,20.65810935,-105.2063093,1
91000,19068,19068 ESTADIO COLIMA,19.23121,-103.73879,1
93100,31093,31093 PLAYA GRANDE,20.633897,-105.212286,1
91000,12002,12002 GAS ARMERIA,18.93426794,-103.9725375,1
91000,19073,19073 NAVARRO,19.24043,-103.69616,1
91000,12027,12027 REAL DEL BOSQUE,18.92728501,-103.8689493,1
95500,54043,54043 GAS ZAPOPAN II,21.516297,-104.879711,1
93100,31047,31047 OCAMPO,20.63108091,-105.2201891,1
91000,13014,13014 GAS RAMON CORONA,19.69317344,-103.4649394,1
91000,19139,19139 CATEDRAL COLIMA,19.243386,-103.727839,1
91000,19039,19039 JOSEFA ORTIZ,19.26473,-103.74008,1
93100,31106,31106 HIGUERA BLANCA,20.796319,-105.471625,2
91000,12038,12038 PINO SUAREZ,18.751299,-103.720952,1
91000,14037,14037 LAS PERGOLAS,19.10509185,-104.334023,1
91000,13086,13086 GAS GOMEZ FARIAS,19.78140164,-103.47702,1
91000,13055,13055 MARIANO BARCENAS,19.771244,-104.363013,1
95500,54102,54102 MARINA,21.037976,-104.366592,1
91000,13058,13058 GAS EL MENTIDERO,19.769596,-104.296979,2
91000,14042,14042 GAS PAROTAS,19.13248062,-104.3425762,1
95500,54067,54067 INDEPENDENCIA,21.502416,-104.883333,1
95500,54014,54014 MEXICO PONIENTE,21.534555,-104.873169,1
95500,54096,54096 QUERÉTARO,22.492644,-105.362881,1
91000,19035,19035 DIOSA DEL AGUA,19.27381,-103.73991,1
91000,14062,14062 CENTRAL MELAQUE,19.22399596,-104.7073926,2
91000,19015,19015 SEVILLA,19.25181,-103.71058,1
93100,31094,31094 HIDALGO,20.75105,-105.25317,1
93100,31011,31011 GAS MEZCALES,20.7317451,-105.2806811,1
95500,54007,54007 GAS GUADALUPE VICTORIA,21.51930339,-104.9009304,1
91000,19106,19106 CAMPUS ALBARRADA,19.23356,-103.74387,1
95500,54071,54071 VILLA HIDALGO II,21.73892,-105.23623,1
95500,54049,54049 GAS GUADALUPE,21.52814,-104.929508,2
91000,14060,14060 BARRAGAN CIHUATLAN,19.24030236,-104.5693225,2
91000,19117,19117 VALLE DE LAS HUERTAS,19.21161,-103.8079,1
91000,13081,13081 PINTORES,19.721397,-103.467211,1
91000,19085,19085 PANTEON COLIMA,19.2449,-103.71067,1
91000,51011,51011 GAS SAN SEBASTIAN,20.542145,-103.421522,1
95500,54073,54073 GAS PUGA,21.586144,-104.839014,1
95500,54009,54009 ALASKA,21.521972,-104.923694,1
93100,31107,31107 BUCERIAS NICOLAS BRAVO,20.757397,-105.33791,2
93100,31023,31023 GAS PUENTE AMECA,20.69048605,-105.2523095,2
93100,31150,31150 CAMPO VERDE,20.689422,-105.21485,1
93100,31005,31005 NUEVO VALLARTA,20.70993791,-105.2811831,1
91000,13005,13005 MADERO,19.70242596,-103.4821073,1
93100,31037,31037 MARINA GOLF,20.66601286,-105.2510422,1
91000,19083,19083 JESUS PONCE,19.25086,-103.71019,1
93100,31068,31068 CASA MARGARITA,21.021213,-105.273532,1
91000,19077,19077 PRADOS DEL SUR,19.23671,-103.75144,1
95500,54091,54091 TECUALA,22.39671,-105.46406,1
93100,31148,31148 COSTA CAREYES,20.749822,-105.161392,2
91000,13072,13072 CENTRAL SAYULA,19.87985,-103.589712,1
91000,13017,13017 SAYULA,19.88140695,-103.5841362,1
91000,14057,14057 JAVIER MATA,19.0731555,-104.3030604,2
91000,12030,12030 GAS TECOLAPA,19.002542,-103.835695,1
91000,14001,14001 LAS BRISAS,19.08484289,-104.3076656,1
91000,12059,12059 BAYARDO,18.94452,-103.922279,2
93100,31147,31147 JUAREZ IXTAPA,20.714089,-105.20531,1
91000,13027,13027 CAMICHINES,19.71266,-103.476301,1
91000,12019,12019 OAXACA,18.93983629,-103.9653261,1
95500,54061,54061 GAS SANTIAGO,21.813435,-105.198159,1
93100,31033,31033 COLOMBIA,20.62035507,-105.2296276,1
91000,12043,12043 PANTEON ARMERIA,18.93742,-103.954338,1
91000,19037,19037 GAS REAL DON JUAN,19.24024,-103.75674,1
91000,13085,13085 FRACCIONAMIENTO LAS GARZAS,19.73218767,-103.4599889,1
91000,19124,19124 GLORIETA DE LOS ELEFANTES,19.23332,-103.70938,1
91000,19052,19052 NUEVO MILENIO,19.23026,-103.70331,1
95500,54019,54019 VILLA DE LEON,21.485021,-104.823946,2
91000,19126,19126 LA RESERVA,19.2619,-103.77347,1
95500,54063,54063 SANTIAGO ESTADIO,21.813282,-105.204533,2
91000,19131,19131 JARDINES DE LA ESTANCIA,19.23957,-103.69152,1
91000,14066,14066 LEONA VICARIO,19.044945,-104.321982,1
91000,12015,12015 REVOLUCION,18.9087787,-103.8661126,1
91000,14053,14053 MERCADO CENTRO,19.05157551,-104.317464,2
93100,31049,31049 GAS LOS PICOS,20.76201923,-105.3495093,1
91000,19090,19090 LA COMARCA,19.27794,-103.76338,1
95500,54044,54044 VERACRUZ XALISCO,21.44211789,-104.8988169,1
91000,19036,19036 CRISTOBAL COLON,19.25371,-103.74191,1
91000,14065,14065 LAS PERLAS,19.126152,-104.32577,1
91000,19033,19033 HOSP PUERTA HIERRO,19.26068,-103.70624,1
91000,14068,14068 NAUTILUS,19.126491,-104.33943,1
93100,31051,31051 SAYULITA,20.87005819,-105.4403071,1
95500,54015,54015 CANTERA,21.488473,-104.830107,1
95500,54021,54021 MOCTEZUMA,21.484568,-104.901164,2
91000,51002,51002 VALLE DE LOS ENCINOS,20.488782,-103.393531,1
95500,54098,54098 IXTLAN HIDALGO,21.033888,-104.36238,1
93100,31115,31115 LETRAS VALLARTA,20.694412,-105.240708,1
91000,19003,19003 GENOVEVA SANCHEZ,19.25748,-103.718,1
93100,31067,31067 AGUACATE,20.603694,-105.232691,2
93100,31021,31021 FEDERACION,20.70562741,-105.2166093,1
91000,19044,19044 MADERO COLIMA,19.24257,-103.72672,1
95500,54011,54011 LIBRAMIENTO NOGALES,21.487176,-104.903862,1
91000,14056,14056 PATIOS,19.11008168,-104.2616992,2
91000,51054,51054 AMECA,20.55024,-104.05501,1
93100,31034,31034 ALDAMA,20.65722707,-105.2136998,1
93100,31061,31061 JARDINES,20.63251949,-105.2079534,1
91000,13026,13026 LA PRIMAVERA,19.679918,-103.484777,1
95500,54012,54012 PETUNIAS,21.530172,-104.871025,1
93100,31118,31118 IXTAPA HIDALGO,20.718681,-105.205349,2
91000,12032,12032 CARLOS DE LA MADRID,18.920104,-103.889293,2
93100,31135,31135 GALEANA,19.939729,-105.250018,1
91000,13021,13021 ZAPOTILTIC,19.6305254,-103.4224643,1
91000,51050,51050 SAN MARTÍN DE HIDALGO,20.26498,-103.55316,1
91000,13038,13038 GAS TONAYA,19.778611,-103.975163,1
95500,54008,54008 GAS SAN CAYETANO,21.45364582,-104.8203418,2
91000,14088,14088 GAS MINATITLAN,19.396585,-104.056686,1
93100,31111,31111 INDEPENDENCIA,20.644409,-105.202477,2
93100,31015,31015 IXTAPA,20.71556375,-105.2098183,1
93100,31108,31108 ZACUALPAN NAYARIT,21.245011,-105.164414,1
93100,31172,31172 GAS TALPA,20.364465,-104.819786,1
91000,51014,51014 LOS NOGALES,20.456584,-103.416425,1
93100,31136,31136 PINO SUAREZ,19.948198,-105.327312,1
91000,14097,14097 JALUCO,19.229039,-104.68316,1
91000,14040,14040 GAS SAN PATRICIO,19.22879488,-104.6976277,1
93100,31125,31125 PUNTA MITA,20.46273,-105.31106,2
95500,54053,54053 VILLA HIDALGO,21.748045,-105.23011,1
91000,13053,13053 FRESNO LOPEZ VELARDE,19.759936,-104.374553,1
91000,14020,14020 HOSPITAL,19.115494,-104.3272545,2
93100,31152,31152 REAL IXTAPA,20.43053,-105.13198,1
93100,31013,31013 SAN JUAN,20.8070472,-105.1930083,1
91000,19093,19093 VALLE DORADO,19.26135,-103.69282,1
91000,14079,14079 LA HUERTA,19.487726,-104.636094,2
91000,14069,14069 PEDRO NUÑEZ,19.12407,-104.357825,1
91000,51049,51049 XOCHIMILCO,20.4394,-103.93617,1
93100,31140,31140 DELFIN,19.589125,-105.127592,1
91000,19055,19055 GAS SENDEROS,19.24465,-103.75841,1
91000,19092,19092 TULIPANES,19.26312,-103.76601,1
91000,12055,12055 MAYOR PATRICIO,18.926015,-103.8645,2
91000,12036,12036 CRUCERO BOCA DE APIZA,18.70981,-103.709442,1
93100,31081,31081 AZUL TURQUESA,20.77429962,-105.2107421,1
93100,31174,31174 MINA,20.609306,-105.234547,1
91000,19105,19105 GAS 3ER ANILLO,19.27759,-103.72309,1
91000,13042,13042 CLEMENTE AMAYA_,19.785582,-104.363462,1
91000,13054,13054 AMADO NERVO,19.762853,-104.376246,1
91000,19067,19067 QUESERIA,19.38795,-103.57468,1
91000,51047,51047 AQUILES SERDÁN,20.22759,-103.56919,1
93100,31160,31160 TALPA INDEPENDENCIA,20.387196,-104.823628,1
91000,14078,14078 LA HUERTA ZAPATA,19.38646,-104.964857,2
91000,12025,12025 RIO BALSAS,18.90152495,-103.8909131,2
93100,31018,31018 GAS CENTRO,20.61874261,-105.2307778,1
95500,54081,54081 IXTLÁN DEL RIO,21.037475,-104.381314,1
91000,14036,14036 LAS ROSAS,19.13347038,-104.3424824,1
95500,54051,54051 MOLINO,21.499889,-104.887885,1
93100,31091,31091 20 DE NOVIEMBRE,20.815432,-105.188243,1
95500,54020,54020 JACARANDAS,21.503898,-104.908989,1
91000,13091,13091 VISTA HERMOSA,19.687403,-103.336336,1
91000,14011,14011 LAS JOYAS,19.05728332,-104.291145,2
91000,12008,12008 JUAN OSEGUERA,18.91399147,-103.8663819,1
91000,51024,51024 VALLE DE TEJEDA,20.50978,-103.37903,1
91000,19026,19026 IGNACIO SANDOVAL,19.25409,-103.71127,1
93100,31016,31016 LOS TULES,20.63874348,-105.2189908,1
93100,31071,31071 RIO GRANDE,20.6236,-105.219185,1
95500,54006,54006 GOBERNADORES,21.487626,-104.872639,1
91000,19022,19022 RANCHO BLANCO,19.23857,-103.76178,1
91000,12016,12016 CERRO DE ORTEGA,18.76198094,-103.7301615,1
91000,13066,13066 AVILA CAMACHO,19.469925,-103.308099,2
91000,13093,13093 TAMAZULA CENTRO,19.673869,-103.25184,1
91000,13035,13035 CUAUHTEMOC TAMAZULA,19.674148,-103.257294,1
91000,14008,14008 JESUS ALCARAZ,19.05101701,-104.3101861,1
95500,54065,54065 SANTIAGO,21.810402,-105.207798,1
95500,54002,54002 RIVERAS DE LA LAGUNA,21.517658,-104.872256,1
93100,31041,31041 CRUZ HUANACAXTLE,20.75074601,-105.3835971,2
91000,19019,19019 LOS OLIVOS,19.26921,-103.70791,1
95500,54059,54059 LA PRESA II,21.801893,-105.203685,1
91000,14085,14085 MINATITLAN,19.386599,-104.052061,1
91000,13031,13031 GOMEZ FARIAS,19.795271,-103.480244,1
91000,51013,51013 PLAZA SENDEROS,20.54282,-103.359205,2
91000,19114,19114 RESIDENCIAL VICTORIA,19.27488,-103.70309,1
91000,19056,19056 LINDA VISTA,19.28999,-103.73858,1
91000,13012,13012 GAS 4 CAMINOS,19.53067328,-103.4208759,1
95500,54016,54016 PARKINSON,21.48025,-104.857006,2
95500,54050,54050 COLINAS,21.4574,-104.904613,1
91000,14033,14033 BARRA,19.20691739,-104.6837881,1
93100,31014,31014 VILLAS UNIVERSIDAD,20.67818711,-105.2259689,1
91000,14028,14028 GAS EL COLOMO,19.05581878,-104.2373671,2
95500,54018,54018 MONTECARLO,21.514994,-104.867833,1
93100,31048,31048 MISIONES,20.76653281,-105.2549119,1
91000,19071,19071 GUSTAVO VAZQUEZ,19.22276,-103.69499,1
91000,19084,19084 MERIDA,19.23172,-103.69726,1
93100,31043,31043 PULPITO,20.59931249,-105.2383104,1
91000,14018,14018 GAS PUERTO,19.0665677,-104.287224,1
91000,19062,19062 COLEGIO INGLES,19.27963,-103.71297,1
91000,12061,12061 TORRES QUINTERO,18.910022,-103.861686,1
91000,51051,51051 COCULA,20.3719,-103.82057,1
91000,51006,51006 SENDERO REAL,20.527403,-103.35128,1
93100,31064,31064 GUAYABITOS TABACHINES,21.022524,-105.270611,1
91000,14073,14073 EMILIANO ZAPATA,19.24354,-104.717435,1
91000,13060,13060 CIRCUNVALACION PONIENTE,19.79999,-104.221491,1
91000,12007,12007 TRIANGULITO,18.91541773,-103.8766043,1
91000,14010,14010 FIMAGA,19.10401473,-104.3087557,1
91000,14064,14064 SOR JUANA,19.111243,-104.325564,1
91000,19136,19136 ALBATERRA,19.284913,-103.70615,1
95500,54023,54023 OJO DE AGUA,21.531521,-104.900944,1
95500,54052,54052 PLAZA CHAPULTEPEC,21.491979,-104.855662,1
91000,51019,51019 GAS CAMINO REAL,20.537114,-103.472008,1
91000,19060,19060 TIVOLI,19.22916,-103.73384,1
93100,31026,31026 SAN VICENTE,20.74789682,-105.254173,1
95500,54077,54077 NICOLAS ECHEVERRIA,21.814326,-105.21137,1
91000,19028,19028 LOMA HERMOSA,19.28799,-103.73447,1
91000,19008,19008 BUGAMBILIAS,19.2825,-103.73196,1
93100,31012,31012 GAS FLAMINGOS,20.74869817,-105.3160174,1
93100,31090,31090 REFORMA SAN VICENTE,20.744934,-105.249,2
91000,19030,19030 ANGELES,19.23581,-103.69909,1
91000,51053,51053 ALLENDE,20.5478,-104.05204,1
91000,19120,19120 FRANCISCO VILLA,19.22686,-103.71265,1
91000,54105,54105 EMILIANO ZAPATA,21.537783,-105.280412,1
93100,31114,31114 VALLE ESMERALDA,20.770746,-105.258079,2
91000,14004,14004 SORIANA,19.10175083,-104.3273348,1
93100,31017,31017 TAMARINDOS,20.71401097,-105.2180009,2
91000,14050,14050 VISTA DEL MAR,19.13806441,-104.3512976,2
91000,12901,12901 QUINTANA ROO,18.907178,-103.872744,1
91000,51046,51046 ACATLÁN,20.42533,-103.59521,1
